freqs,gain
20,41.73639849145378
40,42.3763187294265
210,49.082627665994345
1000,46.67145703132594
3000,35.483521360725994
9000,47.92787317241094
20000,77.39079651807961
