freqs,gain
20,73.74234812601047
40,75.71056164143
210,89.49642843222662
1000,83.93960916054701
3000,59.467020929285354
9000,83.28533165115589
20000,135.6627392342456
