freqs,gain
20,89.71610947251969
40,93.45051584702013
210,107.78184838156281
1000,100.27561892773066
3000,77.61949967600806
9000,99.12222283969795
20000,151.3308900196166
