freqs,gain
20,173.18277376706388
40,172.44419156856958
210,186.53159394299325
1000,180.21140584501217
3000,156.78567003903572
9000,178.75743511292828
20000,230.7762434306899
