freqs,gain
20,72.66301398426064
40,76.61058509615276
210,78.39308424506017
1000,83.76414363201397
3000,65.57558370973385
9000,64.42888450480022
20000,47.545041205385665
