freqs,gain
50,81.57301691924283
200,68.18618842342244
400,70.78217627196122
800,63.6373328418466
1000,68.32418232361402
3000,59.66017374747098
7000,67.40543140376136
15000,66.89179801979562
