freqs,gain
32,62.1787635339101
64,68.50346712411434
125,73.5993565030435
250,74.56012191572188
500,73.94079656155219
1000,74.53340941810092
2000,79.32620013880253
4000,78.52368422749252
8000,74.12909493597074
16000,74.46198236481713
