freqs,gain
63,92.8613327459525
125,88.90521603827241
250,78.45037817793585
500,71.57752329414433
1000,66.16282702706741
2000,61.50595694626345
4000,56.02044280416055
8000,52.43552866866943
16000,52.04111466851412
