freqs,gain
63,74.92958254691544
125,76.92723390113669
250,78.09607474630148
500,84.11416394989253
1000,90.68610547143601
2000,95.45857104990864
4000,93.807895422251
8000,95.10401943324177
16000,77.60415190104989
